"path","bytes","sha256"
"configs/cascade_checkpoint_paths.example.env","1387","7030f885649f97f587eff6ad7fa2418a5fe6a430bc0606f0b52d4c2670abb575"
"configs/evaluation_paths.example.env","619","261cd7175ab477cf11eafcf284b05c7b084e040b1c7c368ffb230dbef32ecf9e"
"configs/training_paths.example.env","843","2b2f626dbcfeb5681a96f2decf5eb15015d239584d1e4e156ef8da26b1a576c0"
"experiments/README.md","797","1a97dbb9d94eb1d52a6b8b649760fd0e7529ae30d196bc99b2326bbc5de38a81"
"experiments/table2_primary_selector/methods.csv","1557","f8b1c9a523915546f47c39d2a57ab180d0c0a83fa6d107f57efa031a977cfe8a"
"experiments/table2_primary_selector/methods/action_only/action_only_base_v1.py","3825","10147cb446c1f7583244f71c5f1201c415d3695d46f420d34d2e3979554d505c"
"experiments/table2_primary_selector/methods/action_only/train_stage1_actionOnly_annealedSelect_v1.py","1163","6e0a53db45f7152be5ba68a0885c726d7e0df136fa0c92b03c05a5074b5b4209"
"experiments/table2_primary_selector/methods/gs_action/gs_action_base_v1.py","5797","8ed2892bd9b1efe4442dbed72ad2f266c74c2cd877def3e2a93ad3e6883bec9e"
"experiments/table2_primary_selector/methods/gs_action/train_stage1_gsAction_annealedSelect_v1.py","999","e1f2941e433a0ee0080a72686b9d88a72cede17d47e5bee276883117196f7d09"
"experiments/table2_primary_selector/methods/non_neural_selectors.py","4360","bb2af4c3aeb115446197fe267f59a868a9b33836e3c977207e055d23147f780d"
"experiments/table2_primary_selector/methods/rgb_action/train_stage1_clean_structural_nogs_annealedSelect_v1.py","11443","49964d0dd4df4a9faca9555df64d17d3ee731d33a0eadc53f3dfddaaacf5a907"
"experiments/table2_primary_selector/methods/rgb_action/train_stage1_strictsuccess_explicitLRC_v4b.py","4012","a74703a9ec75ba22a857c1a74048b20041265da22b4dd1c7fe9d6ba46b4682a1"
"experiments/table2_primary_selector/methods/rgb_action_depth/train_stage1_RGBActionDepth_currentAnnealedSelect_v2.py","2216","96c346393f27acc0ee627a0a5b1b143cc3bfa68609d6e3082bc391ea5024360a"
"experiments/table2_primary_selector/methods/rgb_action_depth/train_stage1_strictsuccess_explicitLRC_v4b.py","13720","2eea626d63b7cf523e2d275533ae75c4a44a7e1d6dd20e56d715b1440aa13413"
"experiments/table2_primary_selector/methods/rgb_action_pointcloud/train_stage1_RGBActionPointCloud_currentAnnealedSelect_v1.py","1271","5a95a144db389ab3edd329a0bb9e1b9fab48dd00d44625c90113394dd475423c"
"experiments/table2_primary_selector/methods/rgb_action_pointcloud/train_stage1_strictsuccess_explicitLRC_v4b.py","16537","df61c2d108c1bf73b866e36544250cf27a90a6095492df2e1e5393b1a7764725"
"experiments/table2_primary_selector/README.md","2130","16b18fc294b654b028f5c94125de68214e51084645a34f78479bbc0fb67a649f"
"experiments/table2_primary_selector/results.csv","428","9dcae4a31b164e1fbd04cd14d2670ba5e7e01d1f9d57205567a6de444be22f6d"
"experiments/table3_tactile_verification/methods.csv","552","1cc434ea89816ec71461d25dae51a0ca5dbf8122cc4dfdf2b14ad4759bcd7c2c"
"experiments/table3_tactile_verification/methods/_shared/stage2_components.py","4919","14972f947406be5884ae551cc4aeac7f86534298769359a3ac85a6244aa76eac"
"experiments/table3_tactile_verification/methods/contact_corridor_gs_touch/train.py","15718","478bff3c7a7a5436ff337383578c7edc6e04b978039f1258503450bb5cb9601a"
"experiments/table3_tactile_verification/methods/rgb_action_touch/train.py","15470","38e218c0f730ac4b0230cc09eced42552cc864c126871cab2ae15a990c53a157"
"experiments/table3_tactile_verification/methods/touch_only/train.py","13227","69e50ba1a3ec78241d01b84dd19cc1e35a4cbf1a0cb1790139739f222139c256"
"experiments/table3_tactile_verification/README.md","1006","80e092fa8cea9dee3cd2ddc99aa7d173187b17b34e776ea755c0897ee38ff776"
"experiments/table3_tactile_verification/results.csv","191","ed88c6f244929013d0c2e2b2a66c413c43fce8d077c80c2bdda3f10d5baf5130"
"experiments/table3_tactile_verification/verify_reproduction.py","2797","522d196e3ca108f7b26e5867128c290bd5d3f93081e7b41f3bbffcd4ac4f12f9"
"experiments/table4_selector_ablations/methods.csv","2710","1038012c101053c1dcedb14c3b1d521deaccebde6ac77794db63bec0e1a7fa1b"
"experiments/table4_selector_ablations/methods/local_region/contact_patches_only/train_stage1_clean_structural_no_corridor_annealedSelect_v1.py","11530","7b5e31714c4969bc20e91cd21a569f6a4a3bef573224de4abb8c6ae492536744"
"experiments/table4_selector_ablations/methods/local_region/contact_patches_only/train_stage1_strictsuccess_explicitLRC_v4b.py","6401","8082054f53b536bfe408eb58ca87defa05c6cf9b806a1d909eda72865c1368e8"
"experiments/table4_selector_ablations/methods/local_region/corridor_only/corridor_only_base_v1.py","6271","1a0301bca9b0ec6282bcdb8588fb172ba74252a8bea5e2734c20bd763515eeee"
"experiments/table4_selector_ablations/methods/local_region/corridor_only/train_stage1_corridorOnly_annealedSelect_v1.py","1030","281823935dbcb2a2b145899a1e6fee56ef28b1d389145337413b360c9c2ae3f1"
"experiments/table4_selector_ablations/methods/loss/bce_only/train_stage1_old12_fullcorridor_bceOnly_v1.py","8169","7f12d1837a71f8917084141132f5cfe8903e016c4ad0f183cf9e0347cd85e07a"
"experiments/table4_selector_ablations/methods/pooling/max_only/max_only_base_v1.py","3353","d8702b3a289390e05c5d5dcbd8b3e2242edaa76234e2312cb9a80d426b6ef320"
"experiments/table4_selector_ablations/methods/pooling/max_only/train_stage1_maxOnly_annealedSelect_v1.py","764","f27dda3b7a8a6d14a0b375c4c70310209bf893b4088e97a83d2a869e023ebfdb"
"experiments/table4_selector_ablations/methods/pooling/mean_only/mean_only_base_v1.py","3370","e151786fe493c8a441c5a34c3fe443814da5ddca44bd29d02b9de99b669e4623"
"experiments/table4_selector_ablations/methods/pooling/mean_only/train_stage1_meanOnly_annealedSelect_v1.py","768","4d1fff85df7050f11461d05a5abedef06e98d18bcc567177208bc1cf86a3b558"
"experiments/table4_selector_ablations/README.md","1647","f2459d2acd20b4adf937637bed45967f3cf2115a9df5f06db520b61f0b27ce09"
"experiments/table4_selector_ablations/results.csv","1171","98d863c0a080b86964224a8d3c9157e728a4a7ba7e94460b11d97cde7a9c411a"
"README.md","8005","87a52b9d3a3e8d456daa858922eabc106a0aedc392e532d62a9f70574bf72bfa"
"reports/final_checkpoint_cascade_retrained_v2/cascade_metrics.json","1966","97dddd5e80f42e8565331c8b6352509d7d4b9333bd40e2641ac2b26a0c152831"
"reports/final_checkpoint_cascade_retrained_v2/positive_prediction_summary.md","1845","9008d067f576f1dbacc290528e67be1f41e0a1e25e82ebed54fd677503e4e044"
"reports/final_checkpoint_cascade_retrained_v2/report.md","514","648f92950485c98839a700e1e829ac6ff6c44c6e94e1535d9fb1127cf2ad8e00"
"reports/final_checkpoint_cascade_retrained_v2/sha256.txt","163","c4777ad27e05d7d24bca2068fece36134c3d618c67192dd8ab262d420b46677b"
"reports/final_checkpoint_cascade_retrained_v2/stage1/metrics.json","5583","9ab12450c3f426e9adedc69c5a583b364a32b7138b0c7ea9ebad4dff657f2b2c"
"reports/final_checkpoint_cascade_retrained_v2/stage1/report.md","154","fcb37fdb129655e7b9197c47eb26929094ee77a6681430d7d25e44d0ef9e91ab"
"reports/final_checkpoint_cascade_retrained_v2/stage1/selected_actions.csv","1144","4e8870b214a64ccaf938bd750b88b2c38b570df88dce5936d7d1fc4e56f364b4"
"reports/final_checkpoint_cascade_retrained_v2/stage1/sha256.txt","242","c2e0ca8dd2f4d4318b64364728fb0278e72a5ad5a87c555afbe32a86fbbdb718"
"reports/final_checkpoint_cascade_retrained_v2/stage2/fullgs/metrics.json","12130","ec8f8c06c491668ed5eb392b1275ab5d9c4bc97aa43e543dce30d5add8c310bd"
"reports/final_checkpoint_cascade_retrained_v2/stage2/fullgs/predictions.csv","2442","10cd6672ed04576549af51a40d8bb2ced70b54eed99e258bd295a8275e1d1759"
"reports/final_checkpoint_cascade_retrained_v2/stage2/nogs/metrics.json","10201","d6e7f1479ac9d655535fd3afb0c1601a96113adccdad948dc45aab44c99f1443"
"reports/final_checkpoint_cascade_retrained_v2/stage2/nogs/predictions.csv","2372","cb8743a6c1accdeee9a0683ed615ad902cd1eaa395b83755cdd935eae39a1e5c"
"reports/final_checkpoint_cascade_retrained_v2/stage2/touch_only/metrics.json","10672","25528cdf15b002a9d62b862a06f09c324e566a91db9b62207138bbaeb996f4c9"
"reports/final_checkpoint_cascade_retrained_v2/stage2/touch_only/predictions.csv","2540","721d9a8ecf86844ca4f3b5effc6c602589ad50255da411abf76f4695abec3af5"
"reports/final_stage1_selection/selected_stage1_current_repro17of19_withGS_top1.csv","1141","fa445d853bc9531b784f1ee60a76b8b59366c70b8e566b84188fd3d9b062c636"
"reports/final_stage1_selection/stage1_current_repro17of19_selection_manifest.json","5118","534c8ef97a1d366917e382416bf626543679a8872832f8852033a4f99531b046"
"reports/final_stage1_tables/current_stage1_results.json","1550","fff1e34e1626fc02397ec30f09c7b4f7498bf688d3ed2922e8c5f8a8a2983dbd"
"reports/final_stage1_tables/README.md","826","11273cbc856fa33382d3266c21f6a8ed84fca5135d677ce8f148d52c18f82e33"
"reports/final_stage1_tables/sources/clean_completed_ablation_results.json","15454","96531b2f687586afb19c5bbd12afbdb326664c82d6e16e048a4f5a42d786382a"
"reports/final_stage1_tables/sources/corridor_only_results.json","4489","02aedf93f8392b0c2fb4193f53e4894f702e2ddbab1af52c23f65fbd61cd632d"
"reports/final_stage1_tables/sources/factorial_results.json","21495","68f9a867f421644120805f6c0e27e1947c99d88d3f12d380d51fa72f0cb6c22e"
"reports/final_stage1_tables/sources/lambda0p5_lambda2_results.json","11243","5f0ae6c3257d36b84d5e1e6ddf5328c5a74599e3537cae5e6d82023dd547ca61"
"reports/final_stage1_tables/sources/mean_max_pooling_results.json","11685","548e95a6287ce039618824a7b29524b958950904198ee2c392b62ded9d465732"
"reports/final_stage1_tables/sources/temperature_warmup_results.json","11296","4b7dd056e7962becac90758c923509eb7d65d8c2f8773ccabcdc281656f6e004"
"reports/final_stage1_tables/table2_primary_selector_comparison.csv","660","35f2c978c7a0f6d21fd47368e07b129b8d78cbbb9b79c989602893a099506464"
"reports/final_stage1_tables/table2_primary_selector_comparison.md","1165","b7f8a2e464ff5e4977ed30eff66061f2ad42a227165d498884a5c49b5ab032f2"
"reports/final_stage1_tables/table4_stage1_clean_ablations.csv","1174","2c31aca69a4320b12e26ae3d350914543608414c12e8394a2eb74b4a747f9e38"
"reports/final_stage1_tables/table4_stage1_clean_ablations.md","2310","52b9dfe3c5230b5d6d5aa61afcc02c5b5fa9b67ef9668c8b435eb40e4ab976dd"
"reports/final_stage1_tables/validate_tables.py","3954","bb841fd7d231a2d7e1294044c3eb22c17760904ac9a23f2f77dfb5ce7ae201a3"
"reports/final_stage2_oof/contactgs/fold_0/run_contract.json","1195","5c1badb7c78d0e14d6aeb8f12639ab9afb826f6d4428dd74060931ce0883d5e3"
"reports/final_stage2_oof/contactgs/fold_0/test_metrics.json","799","5a242586a273be3f3c949fb87da3279c3e68de3818524deb048cf683f287889b"
"reports/final_stage2_oof/contactgs/fold_0/test_predictions.csv","33917","b9059e1df4b0fda41b6b2f02253713d4d06a9fb0069e4f4c235af5ca5ce3027b"
"reports/final_stage2_oof/contactgs/fold_1/run_contract.json","1195","2d8430a0f4c1b0e8cf3e4970780848e33831512b8ad2260835ea703f8e9a201d"
"reports/final_stage2_oof/contactgs/fold_1/test_metrics.json","841","5c44aeadbd461074b800c4f652b89903d97790263b5c4d15970b8955a8c794e9"
"reports/final_stage2_oof/contactgs/fold_1/test_predictions.csv","25645","46ab34d5d5882092905bb8d9d3f51e3c1bed1ebb4d05bd84dc5d698bf262d282"
"reports/final_stage2_oof/contactgs/fold_2/run_contract.json","1195","326a31596be2023cca032bde3927cd59d8d574db785eb160d834b0c4383dfac9"
"reports/final_stage2_oof/contactgs/fold_2/test_metrics.json","768","b1fe1131792c546d612c6b81adb81db994f35c853a11aa97dd8360f05aa6bd8d"
"reports/final_stage2_oof/contactgs/fold_2/test_predictions.csv","33541","56fcb681c329acb1004978ef5ea9383fdbdff275126d252ab5a38dc5cef560b1"
"reports/final_stage2_oof/contactgs/fold_3/run_contract.json","1195","9b84e7158a1a7712630f06b7fc005b7d3da519ee0880d8e9cccf2d0df680d61a"
"reports/final_stage2_oof/contactgs/fold_3/test_metrics.json","802","1c4e4129a804c97f77729f113822fb2af59f31f54c4565080fa85e881234f478"
"reports/final_stage2_oof/contactgs/fold_3/test_predictions.csv","35609","a97c9ebc704b733a17f6b53a8552f51669651066cac8f455ed010e8d1d12e49e"
"reports/final_stage2_oof/contactgs/fold_4/run_contract.json","1195","4067f333151f6f3de916126c1992d78907b5adaec4ac6ccd38108406641e6da8"
"reports/final_stage2_oof/contactgs/fold_4/test_metrics.json","781","d4fc0b5942189df7696d011e2803b6b990667dba0d1a6cef1b49b78ce90cad07"
"reports/final_stage2_oof/contactgs/fold_4/test_predictions.csv","34134","40987b5d8a669fdc42f76e5249f23b5a50dca394029b410f0b140c8cb816efc2"
"reports/final_stage2_oof/fullgs/fold_0/run_contract.json","1336","9a4dca0e8c58d9cc955f4b00ed1a5e01e7b03fcd95da1484c02befd4a319b0e2"
"reports/final_stage2_oof/fullgs/fold_0/test_metrics.json","801","63e27571d7f6dcf1e0611e24f810407f1579c8ab0fd59f98508652567b6259f0"
"reports/final_stage2_oof/fullgs/fold_0/test_predictions.csv","34054","a0abd6e430c6b3387a2135baae375732bb0e35608bc5a9c0b26c69c0ae4c760e"
"reports/final_stage2_oof/fullgs/fold_1/run_contract.json","1336","aef9ab5f769e6e00328af1e59fb323a16aea4ddcb1696b365a74b9725282185a"
"reports/final_stage2_oof/fullgs/fold_1/test_metrics.json","841","ae979021c4a1e24e05f6647fb1b66520a6f6286e0afaa566ba55f37f1084a409"
"reports/final_stage2_oof/fullgs/fold_1/test_predictions.csv","25185","51cff1628c5390e1b198f4eae79dcd23a5af60e4c132e463edd3b0835daee834"
"reports/final_stage2_oof/fullgs/fold_2/run_contract.json","1336","86998bd6507d4cd3324c6b703aa375c6d868b1138d5793dd17cb63bfd63dd2c5"
"reports/final_stage2_oof/fullgs/fold_2/test_metrics.json","771","6d5e8010b36cff9a202bfb5a67e2ab849d967b075435ab4ffe774e6f3a4d8d38"
"reports/final_stage2_oof/fullgs/fold_2/test_predictions.csv","33212","6e5b63b9071ad2eb5bcecc024d5ebe5d01d576744cf8f39338287d3454878cd1"
"reports/final_stage2_oof/fullgs/fold_3/run_contract.json","1336","5e2a12d6d5d484ae3dd9348f0ccd09ba76349eed2a3f1c7098a0daef25a0ac98"
"reports/final_stage2_oof/fullgs/fold_3/test_metrics.json","816","dd64987d0b74be7070a60269efd070af09213ab61e0ed6cc3bcfcf7245e18c7f"
"reports/final_stage2_oof/fullgs/fold_3/test_predictions.csv","35565","19d597af100fde9c8bdc6b7118fc7997d816c85c75d35884e8f25589cf9b4463"
"reports/final_stage2_oof/fullgs/fold_4/run_contract.json","1336","91f34e88f687ffac86e52dad989da724879e461c1453a3f5d615d86c335a4322"
"reports/final_stage2_oof/fullgs/fold_4/test_metrics.json","793","abb8b2c9aefc479ad68ebd0577845ca8e4fe2382e4c6622211626655ee96a367"
"reports/final_stage2_oof/fullgs/fold_4/test_predictions.csv","34141","587359a418c88ef04bb5400d453f6296cea27d27249c3f867fe8622b5c5b0327"
"reports/final_stage2_oof/nogs/fold_0/run_contract.json","1024","85a93c8c4ac4b239ce54b30d6f081a65b4983c1380d78b17d85ee14c0b81810e"
"reports/final_stage2_oof/nogs/fold_0/test_metrics.json","812","6304a53ff4fbc1ef32a904032e286bb69775edd7bb145e67b89eac9393c90a63"
"reports/final_stage2_oof/nogs/fold_0/test_predictions.csv","33997","4fcea24a6a50e89e8294142e675d16239e65a2e4fdfce80b2d40ef92e4f0522c"
"reports/final_stage2_oof/nogs/fold_1/run_contract.json","1024","4c1d67df8c3561a330d51880790ee313cfb4b9fbe38e9fc0c89ea4b3fb44b3d2"
"reports/final_stage2_oof/nogs/fold_1/test_metrics.json","834","72b5f7a44d16a518b1ac258df4c9db10ca658c38f4bf8c5fd66518a5fe4d833c"
"reports/final_stage2_oof/nogs/fold_1/test_predictions.csv","25373","2b38844eed26bd6204980f112c137a4a9886ef6fb4010dfeaacad7e2f6ef40b6"
"reports/final_stage2_oof/nogs/fold_2/run_contract.json","1024","1c88c6e60d95f971665b8356f75c744a890a8cb3482375a8d7e8466c45665a92"
"reports/final_stage2_oof/nogs/fold_2/test_metrics.json","798","62a40609d991f65f22c5e04353befd2e4872d6a65c0bc32b2fb95bb01866c200"
"reports/final_stage2_oof/nogs/fold_2/test_predictions.csv","33501","6d567a460e937f7ce6df31dc3158805272bb753dd0d7fe301184b30a4e1ac24f"
"reports/final_stage2_oof/nogs/fold_3/run_contract.json","1024","adfcf6eb07267e6ec7e7e6638b68fc27ea6f1f6d0c067515a1470f5b250568dd"
"reports/final_stage2_oof/nogs/fold_3/test_metrics.json","802","6e61f27e24db5b2ffe7e6d907ed7905e770763af86ed7d77ba8777195a1a4405"
"reports/final_stage2_oof/nogs/fold_3/test_predictions.csv","35548","c369e60cdd8c8e02367eeb05c68ccfe009b4c2ada1010eba5ef709ea7241b51e"
"reports/final_stage2_oof/nogs/fold_4/run_contract.json","1024","620b7242dadadc4564860a4a2fe5187b1d33943454ced07d86556b521333773a"
"reports/final_stage2_oof/nogs/fold_4/test_metrics.json","821","01582dee69cb37fafed85d9ba29bcc6f745eb5b681a100ceaaa0880bf0f4ab7b"
"reports/final_stage2_oof/nogs/fold_4/test_predictions.csv","33931","5b7249b0f68c9cd106202e42bdcdd806229919b8564435e23dc715b4b8bf7d9b"
"requirements.txt","907","11407a8df5eff3a95e279edb7d0885c71ced4ca97ccb132891b93dd99c9237f5"
"scripts/dataset/validate_final_dataset.py","9137","707663020a2ea81098ea20236821008d4bed9d2f51cce04665fb5cfac0de79dd"
"scripts/evaluation/evaluate_final_cascade.sh","635","f79e2aad63ba9e77811dec3f6a3f4efb8a16a1fab94eabb7ba79fa30369414d1"
"scripts/evaluation/run_stage1_to_stage2_fullgs_checkpoints.sh","2308","4bf55ff54bfc2e01aabf0434efae41ade7cb41308f8969a838a16adb9ab90a16"
"scripts/stage1/run_stage1_final_fivefold.sh","2901","02a50a75630df99a4a48d808ba34abee3355114409f39abd7816ce1ba3963f56"
"scripts/stage2/run_stage2_selected_fullgs_fivefold.sh","2897","a2829adad58a03a5b5178b676057dcf50fb2cbc791346c7440bc9123669c2704"
"src/evaluation/final/evaluate_fixed_stage1_to_retrained_stage2_variants.py","15441","e5686f3d8d18d82fdaf7577a59fc857c305120128827148fdece47cae8105b36"
"src/evaluation/final/evaluate_fixed_stage1_to_stage2_factorial.py","11838","5e69e5e6daa821f9a65bb489b09fb3a474da84a90a998841a7cb4bc3605c958c"
"src/evaluation/final/infer_stage1_fivefold.py","6113","9c77facb7baa44ca34ff54c2a518a54ca5e7d367e39b9442a689c7cd119cc37c"
"src/evaluation/final/infer_stage1_to_stage2_fullgs.py","29713","ff798bb455e157e8b512b8ebea5fb5396d2c77b3d45360376c12a3b064fc375f"
"src/evaluation/final/run_cascade.py","21264","9464872d743010586868ce2cd2cc3af3324bed58755a14111275974d8f0fe1a4"
"src/stage1/__init__.py","31","2f4d8d60c7b035fff61c719f35454fac35620dac67b97e85c1358bcd6635b8ef"
"src/stage1/final/__init__.py","53","5e820b24f6254f64bd5ea8b9655157605a69de87df13d1f477f8a8c0b4435cd9"
"src/stage1/final/deterministic_run.py","2680","abd801217786c381a1531c099a548f0e55b5017cc21f2fcd0f4d13a0ffc6223e"
"src/stage1/final/stage1_common.py","7415","fe554d5f7123e0dad2e8b9cf3a4351bdd39cc2f4eef201ac0dbec77b2a5a302a"
"src/stage1/final/train_stage1_old12_fullcorridor_annealedSelect_v1.py","11534","07bbde236f12a850d9fd3a5a5d568526f86cff7c526169172482327fe36c78d5"
"src/stage1/final/train_stage1_strictsuccess_explicitLRC_v4b.py","11487","a0b32f4209e88a92ad92156277e7801ba28bbe3110b1a3210cb7669e6df74025"
"src/stage2/final/train_stage2_fullgs_touch.py","13471","3977119c28b4e0221f7bbb7200421d580e3714bcb2a1e50f4bfe9c269c2d3788"
